{"cameraMode":{"drawMode":0,"name":"Shaded","section":"Shading Mode"},"sceneLighting":false,"audioPlay":false,"sceneViewState":{"showFog":true,"showMaterialUpdate":false,"showSkybox":false,"showFlares":true,"showImageEffects":true,"showParticleSystems":true},"in2DMode":false,"pivot":{"x":4.3428955078125,"y":8.67501449584961,"z":-21.782184600830079},"rotation":{"x":-0.002884125569835305,"y":0.9945976734161377,"z":0.09998409450054169,"w":0.028654446825385095},"size":117.45252227783203,"orthographic":false}