{"cameraMode":{"drawMode":0,"name":"Shaded","section":"Shading Mode"},"sceneLighting":false,"audioPlay":false,"sceneViewState":{"showFog":true,"showMaterialUpdate":false,"showSkybox":false,"showFlares":true,"showImageEffects":true,"showParticleSystems":true},"in2DMode":false,"pivot":{"x":0.033435940742492679,"y":16.268661499023439,"z":-40.23649597167969},"rotation":{"x":-0.0008859051740728319,"y":0.999110221862793,"z":-0.025791971012949945,"w":-0.034180376678705218},"size":10.763228416442871,"orthographic":false}