{"cameraMode":{"drawMode":0,"name":"Shaded","section":"Shading Mode"},"sceneLighting":false,"audioPlay":false,"sceneViewState":{"showFog":true,"showMaterialUpdate":false,"showSkybox":false,"showFlares":true,"showImageEffects":true,"showParticleSystems":true},"in2DMode":false,"pivot":{"x":1.8993085622787476,"y":2.8113319873809816,"z":-11.636611938476563},"rotation":{"x":0.14841483533382417,"y":0.8459197282791138,"z":0.3051382601261139,"w":-0.41144564747810366},"size":25.918256759643556,"orthographic":false}