{"cameraMode":{"drawMode":0,"name":"Shaded","section":"Shading Mode"},"sceneLighting":false,"audioPlay":false,"sceneViewState":{"showFog":true,"showMaterialUpdate":false,"showSkybox":true,"showFlares":true,"showImageEffects":true,"showParticleSystems":true},"in2DMode":false,"pivot":{"x":-0.6776163578033447,"y":-0.17323365807533265,"z":-0.38098230957984927},"rotation":{"x":0.00022427937074098736,"y":0.9995896816253662,"z":-0.0078065101988613609,"w":0.028798727318644525},"size":32.74169158935547,"orthographic":false}